umbral,n_no_abstenciones,cobertura,tasa_abstencion,accuracy_selectiva,balanced_accuracy_selectiva,f1_macro_selectivo
0.25,12442,1.0,0.0,0.2543803247066388,0.24990926957289963,0.2495975280189324
0.27,8803,0.7075229062851631,0.2924770937148369,0.25582187890491875,0.25119994830825537,0.25093395574413596
0.28,5501,0.44213149011412956,0.5578685098858704,0.24486457007816761,0.24075357178157056,0.24038361597050756
0.3,1593,0.12803407812248835,0.8719659218775117,0.24544883866917766,0.24270686685842469,0.24198474635409042
0.32,381,0.030622086481273108,0.9693779135187269,0.23622047244094488,0.23400903387242186,0.23303600830410195
0.35,30,0.0024111879119112683,0.9975888120880887,0.36666666666666664,0.3660714285714286,0.3644230769230769
0.4,0,0.0,1.0,,,
0.45,0,0.0,1.0,,,
0.5,0,0.0,1.0,,,
