variable,importancia_media,importancia_desviacion,limite_inferior_2sd,limite_superior_2sd,n_repeticiones,metodo
tumor_stage,0.0027688903675927063,0.0022475094068646426,-0.001726128446136579,0.007263909181321991,7,Disminución de F1 macro por permutación en holdout
bmi,0.002602067634754441,0.002368759171318131,-0.002135450707881821,0.007339585977390702,7,Disminución de F1 macro por permutación en holdout
genetic_mutation,0.0022103493572763755,0.003462529713819868,-0.0047147100703633605,0.009135408784916112,7,Disminución de F1 macro por permutación en holdout
smoking_status,0.0019268683580900084,0.0030823794880807985,-0.004237890618071589,0.008091627334251606,7,Disminución de F1 macro por permutación en holdout
metastasis_status,0.0016332296408504501,0.0011887091892912583,-0.0007441887377320664,0.004010648019432967,7,Disminución de F1 macro por permutación en holdout
sex,0.0008204576095468144,0.0018784167747069429,-0.002936375939867071,0.0045772911589607,7,Disminución de F1 macro por permutación en holdout
tumor_size_cm,0.00017102442805042424,0.001582419105725795,-0.0029938137834011657,0.003335862639502014,7,Disminución de F1 macro por permutación en holdout
age,9.805046726481843e-05,0.002474298380728224,-0.004850546294191629,0.005046647228721266,7,Disminución de F1 macro por permutación en holdout
cancer_type,-3.5894448943549605e-05,0.0018567505169617576,-0.003749395482867065,0.0036776065849799654,7,Disminución de F1 macro por permutación en holdout
